{
	"format_version": "1.12.0",
	"minecraft:geometry": [
		{
			"description": {
				"identifier": "geometry.bot_walker",
				"texture_width": 64,
				"texture_height": 64,
				"visible_bounds_width": 3,
				"visible_bounds_height": 3,
				"visible_bounds_offset": [0, 1.5, 0]
			},
			"bones": [
				{
					"name": "right_leg",
					"pivot": [-4, 16, 0],
					"cubes": [
						{"origin": [-6, 0, -2], "size": [4, 16, 4], "uv": [0, 32]}
					]
				},
				{
					"name": "left_leg",
					"pivot": [4, 16, 0],
					"cubes": [
						{"origin": [2, 0, -2], "size": [4, 16, 4], "uv": [0, 32]}
					]
				},
				{
					"name": "body",
					"pivot": [0, 16, 0],
					"cubes": [
						{"origin": [-8, 14, -8], "size": [16, 14, 16], "uv": [0, 0]}
					],
					"locators": {
						"lead": [0, 15, -1]
					}
				},
				{
					"name": "rightArm",
					"parent": "body",
					"pivot": [0, 16, 0]
				},
				{
					"name": "rightItem",
					"parent": "rightArm",
					"pivot": [-10, 20, -4]
				},
				{
					"name": "leftArm",
					"parent": "body",
					"pivot": [4.75, 9.75, -0.75],
					"cubes": [
						{"origin": [9, 19, -5], "size": [1, 1, 7], "uv": [48, 31]}
					]
				},
				{
					"name": "leftItem",
					"parent": "leftArm",
					"pivot": [9, 20, -4]
				},
				{
					"name": "antenna",
					"parent": "body",
					"pivot": [0, 16, 0],
					"cubes": [
						{"origin": [4.6, 28, 5], "size": [0.4, 6, 0.4], "uv": [0, 1]},
						{"origin": [4.325, 34, 4.725], "size": [1, 1, 1], "uv": [1, 0]}
					]
				},
				{
					"name": "Face",
					"parent": "body",
					"pivot": [0, 16, 0],
					"cubes": [
						{"origin": [-8, 14, -9], "size": [1, 14, 1], "uv": [48, 1]},
						{"origin": [7, 14, -9], "size": [1, 14, 1], "uv": [48, 1]},
						{"origin": [-8, 14, -9], "size": [1, 14, 1], "pivot": [-7, 14, -9], "rotation": [0, 0, 90], "uv": [48, 1]},
						{"origin": [-8, 27, -9], "size": [1, 14, 1], "pivot": [-7, 27, -9], "rotation": [0, 0, 90], "uv": [48, 1]}
					]
				}
			]
		}
	]
}