{
  "namespace": "how_to_play",
  "how_to_play_screen@how_to_play_common.screen_base": {
    "$selector_stack_panel": "how_to_play.selector_stack_panel",
    "$section_content_panels": "how_to_play.section_content_panels",
    "$header_safezone_control": "common_store.store_top_bar_filler",
    "$header_bar_control": "common_store.store_top_bar",
    "$is_full_screen_layout": true
  },
  "selector_stack_panel": {
    "type": "stack_panel",
    "anchor_from": "top_left",
    "anchor_to": "top_left",
    "orientation": "vertical",
    "$default_selector_toggle_index": 2,
    "controls": [
      {
        "how_to_play_selector_pane": {
          "type": "stack_panel",
          "controls": [
            {
              "padding_0": {
                "type": "panel",
                "size": [0, 6]
              }
            },
            {
              "whatsNew_category@how_to_play_common.topic_category": {
                "$category": "whatsNew"
              }
            },
            {
              "whatsNew_button@how_to_play.whatsNew_button": {
                "$toggle_group_forced_index": 1
              }
            },
            {
              "padding_1@how_to_play_common.padding": {
                "size": [0, 10]
              }
            },
            {
              "welcome_category@how_to_play_common.topic_category": {
                "$category": "bot-topia"
              }
            },
            {
              "welcome_button@how_to_play.welcome_button": {
                "$toggle_group_forced_index": 2
              }
            },
            {
              "welcomeTwo_button@how_to_play.welcomeTwo_button": {
                "$toggle_group_forced_index": 3
              }
            },
            {
              "padding_2@how_to_play_common.padding": {
                "size": [0, 10]
              }
            },
            {
              "gettingStarted_category@how_to_play_common.topic_category": {
                "$category": "gettingStarted"
              }
            },
            {
              "botCrafter_button@how_to_play.botCrafter_button": {
                "$toggle_group_forced_index": 4
              }
            },
            {
              "bot_button@how_to_play.bot_button": {
                "$toggle_group_forced_index": 5
              }
            },
            {
              "botChip_button@how_to_play.botChip_button": {
                "$toggle_group_forced_index": 6
              }
            },
            {
              "botLegs_button@how_to_play.botLegs_button": {
                "$toggle_group_forced_index": 7
              }
            },
            {
              "farmBot_button@how_to_play.farmBot_button": {
                "$toggle_group_forced_index": 8
              }
            },
            {
              "harvestBot_button@how_to_play.harvestBot_button": {
                "$toggle_group_forced_index": 9
              }
            },
            {
              "hopperBot_button@how_to_play.hopperBot_button": {
                "$toggle_group_forced_index": 10
              }
            },
            {
              "guardBot_button@how_to_play.guardBot_button": {
                "$toggle_group_forced_index": 11
              }
            },
            {
              "minerBot_button@how_to_play.minerBot_button": {
                "$toggle_group_forced_index": 12
              }
            },
            {
              "lumberBot_button@how_to_play.lumberBot_button": {
                "$toggle_group_forced_index": 13
              }
            },
            {
              "padding_3@how_to_play_common.padding": {
                "size": [0, 10]
              }
            },
            {
              "misc_category@how_to_play_common.topic_category": {
                "$category": "misc"
              }
            },
            {
              "redstoneFlake_button@how_to_play.redstoneFlake_button": {
                "$toggle_group_forced_index": 14
              }
            },
            {
              "waterproof_button@how_to_play.waterproof_button": {
                "$toggle_group_forced_index": 15
              }
            },
            {
              "padding_4@how_to_play_common.padding": {
                "size": [0, 10]
              }
            }
          ]
        }
      }
    ]
  },
  "section_content_panels": {
    "type": "stack_panel",
    "anchor_from": "top_left",
    "anchor_to": "top_left",
    "size": ["100% - 5px", "100%c + 5px"],
    "offset": [2, 0],
    "controls": [
      {
        "general_tips_sections": {
          "type": "stack_panel",
          "controls": [
            {
              "section_contents_header@how_to_play_common.section_contents_header": {}
            },
            {
              "whatsNew_section@how_to_play.whatsNew_section": {}
            },
            {
              "welcome_section@how_to_play.welcome_section": {}
            },
            {
              "welcomeTwo_section@how_to_play.welcomeTwo_section": {}
            },
            {
              "botCrafter_section@how_to_play.botCrafter_section": {}
            },
            {
              "bot_section@how_to_play.bot_section": {}
            },
            {
              "botChip_section@how_to_play.botChip_section": {}
            },
            {
              "botLegs_section@how_to_play.botLegs_section": {}
            },
            {
              "farmBot_section@how_to_play.farmBot_section": {}
            },
            {
              "harvestBot_section@how_to_play.harvestBot_section": {}
            },
            {
              "hopperBot_section@how_to_play.hopperBot_section": {}
            },
            {
              "guardBot_section@how_to_play.guardBot_section": {}
            },
            {
              "minerBot_section@how_to_play.minerBot_section": {}
            },
            {
              "lumberBot_section@how_to_play.lumberBot_section": {}
            },
            {
              "redstoneFlake_section@how_to_play.redstoneFlake_section": {}
            },
            {
              "waterproof_section@how_to_play.waterproof_section": {}
            },
            {
              "section_contents_footer@how_to_play_common.section_contents_footer": {}
            }
          ]
        }
      }
    ]
  },
  "whatsNew_button@how_to_play_common.section_toggle_button": {
    "$section_topic": "whatsNew"
  },
  "whatsNew_section@how_to_play_common.main_sections": {
    "bindings": [
      {
        "binding_type": "view",
        "source_control_name": "whatsNew_button_toggle",
        "source_property_name": "#toggle_state",
        "target_property_name": "#visible"
      }
    ],
    "controls": [
      {
        "header_0@how_to_play_common.header": {
          "$text": "whatsNew.header.title00"
        }
      },
      {
        "padding_0@how_to_play_common.padding": {}
      },
      {
        "paragraph_0@how_to_play_common.paragraph": {
          "$text": "bot_topia.whatsNew.text00"
        }
      },
      {
        "padding_1@how_to_play_common.padding": {}
      },
      {
        "paragraph_1@how_to_play_common.paragraph": {
          "$text": "bot_topia.whatsNew.text01"
        }
      },
      {
        "padding_2@how_to_play_common.padding": {}
      },
      {
        "paragraph_2@how_to_play_common.paragraph": {
          "$text": "bot_topia.whatsNew.text02"
        }
      },
      {
        "padding_3@how_to_play_common.padding": {}
      },
      {
        "paragraph_3@how_to_play_common.paragraph": {
          "$text": "bot_topia.whatsNew.text03"
        }
      },
      {
        "padding_4@how_to_play_common.padding": {}
      },
      {
        "header_1@how_to_play_common.header": {
          "$text": "whatsNew.header.title01"
        }
      },
      {
        "padding_5@how_to_play_common.padding": {}
      },
      {
        "paragraph_4@how_to_play_common.paragraph": {
          "$text": "bot_topia.whatsNew.text04"
        }
      },
      {
        "padding_6@how_to_play_common.padding": {}
      },
      {
        "header_2@how_to_play_common.header": {
          "$text": "whatsNew.header.title02"
        }
      },
      {
        "padding_7@how_to_play_common.padding": {}
      },
      {
        "paragraph_5@how_to_play_common.paragraph": {
          "$text": "bot_topia.whatsNew.text05"
        }
      },
      {
        "padding_8@how_to_play_common.padding": {}
      },
      {
        "paragraph_6@how_to_play_common.paragraph": {
          "$text": "bot_topia.whatsNew.text06"
        }
      },
      {
        "padding_9@how_to_play_common.padding": {}
      },
      {
        "paragraph_7@how_to_play_common.paragraph": {
          "$text": "bot_topia.whatsNew.text07"
        }
      }
    ]
  },
  "welcome_button@how_to_play_common.section_toggle_button": {
    "$section_topic": "welcome"
  },
  "welcome_section@how_to_play_common.main_sections": {
    "bindings": [
      {
        "binding_type": "view",
        "source_control_name": "welcome_button_toggle",
        "source_property_name": "#toggle_state",
        "target_property_name": "#visible"
      }
    ],
    "controls": [
      {
        "header_0@how_to_play_common.header": {
          "$text": "welcome.header.title00"
        }
      },
      {
        "padding_0@how_to_play_common.padding": {}
      },
      {
        "paragraph_0@how_to_play_common.paragraph": {
          "$text": "bot_topia.welcome.text00"
        }
      },
      {
        "padding_1@how_to_play_common.padding": {}
      },
      {
        "image_0@how_to_play_common.image": {
          "texture": "textures/help/1"
        }
      },
      {
        "padding_2@how_to_play_common.padding": {}
      },
      {
        "paragraph_1@how_to_play_common.paragraph": {
          "$text": "bot_topia.welcome.text01"
        }
      }
    ]
  },
  "welcomeTwo_button@how_to_play_common.section_toggle_button": {
    "$section_topic": "welcomeTwo"
  },
  "welcomeTwo_section@how_to_play_common.main_sections": {
    "bindings": [
      {
        "binding_type": "view",
        "source_control_name": "welcomeTwo_button_toggle",
        "source_property_name": "#toggle_state",
        "target_property_name": "#visible"
      }
    ],
    "controls": [
      {
        "header_0@how_to_play_common.header": {
          "$text": "welcomeTwo.header.title00"
        }
      },
      {
        "padding_0@how_to_play_common.padding": {}
      },
      {
        "image_0@how_to_play_common.image": {
          "texture": "textures/help/2"
        }
      },
      {
        "padding_1@how_to_play_common.padding": {}
      },
      {
        "paragraph_0@how_to_play_common.paragraph": {
          "$text": "bot_topia.welcomeTwo.text00"
        }
      },
      {
        "padding_2@how_to_play_common.padding": {}
      },
      {
        "paragraph_1@how_to_play_common.paragraph": {
          "$text": "bot_topia.welcomeTwo.text01"
        }
      }
    ]
  },
  "botCrafter_button@how_to_play_common.section_toggle_button": {
    "$section_topic": "botCrafter"
  },
  "botCrafter_section@how_to_play_common.main_sections": {
    "bindings": [
      {
        "binding_type": "view",
        "source_control_name": "botCrafter_button_toggle",
        "source_property_name": "#toggle_state",
        "target_property_name": "#visible"
      }
    ],
    "controls": [
      {
        "header_0@how_to_play_common.header": {
          "$text": "botCrafter.header.title00"
        }
      },
      {
        "padding_0@how_to_play_common.padding": {}
      },
      {
        "image_0@how_to_play_common.image": {
          "texture": "textures/help/3"
        }
      },
      {
        "padding_1@how_to_play_common.padding": {}
      },
      {
        "paragraph_0@how_to_play_common.paragraph": {
          "$text": "bot_topia.botCrafter.text00"
        }
      },
      {
        "padding_2@how_to_play_common.padding": {}
      },
      {
        "image_1@how_to_play_common.image": {
          "texture": "textures/help/4"
        }
      },
      {
        "padding_3@how_to_play_common.padding": {}
      },
      {
        "paragraph_1@how_to_play_common.paragraph": {
          "$text": "bot_topia.botCrafter.text01"
        }
      }
    ]
  },
  "bot_button@how_to_play_common.section_toggle_button": {
    "$section_topic": "bot"
  },
  "bot_section@how_to_play_common.main_sections": {
    "bindings": [
      {
        "binding_type": "view",
        "source_control_name": "bot_button_toggle",
        "source_property_name": "#toggle_state",
        "target_property_name": "#visible"
      }
    ],
    "controls": [
      {
        "header_0@how_to_play_common.header": {
          "$text": "bot.header.title00"
        }
      },
      {
        "padding_0@how_to_play_common.padding": {}
      },
      {
        "paragraph_0@how_to_play_common.paragraph": {
          "$text": "bot_topia.bot.text00"
        }
      },
      {
        "padding_1@how_to_play_common.padding": {}
      },
      {
        "paragraph_1@how_to_play_common.paragraph": {
          "$text": "bot_topia.bot.text03"
        }
      },
      {
        "padding_2@how_to_play_common.padding": {}
      },
      {
        "image_0@how_to_play_common.image": {
          "texture": "textures/help/2"
        }
      },
      {
        "padding_3@how_to_play_common.padding": {}
      },
      {
        "header_1@how_to_play_common.header": {
          "$text": "bot.header.title01"
        }
      },
      {
        "padding_4@how_to_play_common.padding": {}
      },
      {
        "paragraph_2@how_to_play_common.paragraph": {
          "$text": "bot_topia.bot.text01"
        }
      },
      {
        "padding_5@how_to_play_common.padding": {}
      },
      {
        "image_1@how_to_play_common.image": {
          "texture": "textures/help/5"
        }
      },
      {
        "padding_6@how_to_play_common.padding": {}
      },
      {
        "header_2@how_to_play_common.header": {
          "$text": "bot.header.title02"
        }
      },
      {
        "padding_7@how_to_play_common.padding": {}
      },
      {
        "image_2@how_to_play_common.image": {
          "texture": "textures/help/6"
        }
      },
      {
        "padding_8@how_to_play_common.padding": {}
      },
      {
        "paragraph_3@how_to_play_common.paragraph": {
          "$text": "bot_topia.bot.text02"
        }
      }
    ]
  },
  "botChip_button@how_to_play_common.section_toggle_button": {
    "$section_topic": "botChip"
  },
  "botChip_section@how_to_play_common.main_sections": {
    "bindings": [
      {
        "binding_type": "view",
        "source_control_name": "botChip_button_toggle",
        "source_property_name": "#toggle_state",
        "target_property_name": "#visible"
      }
    ],
    "controls": [
      {
        "header_0@how_to_play_common.header": {
          "$text": "botChip.header.title00"
        }
      },
      {
        "padding_0@how_to_play_common.padding": {}
      },
      {
        "paragraph_0@how_to_play_common.paragraph": {
          "$text": "bot_topia.botChip.text00"
        }
      },
      {
        "padding_1@how_to_play_common.padding": {}
      },
      {
        "image_0@how_to_play_common.image": {
          "texture": "textures/help/7"
        }
      },
      {
        "padding_2@how_to_play_common.padding": {}
      },
      {
        "header_1@how_to_play_common.header": {
          "$text": "botChip.header.title01"
        }
      },
      {
        "padding_3@how_to_play_common.padding": {}
      },
      {
        "paragraph_1@how_to_play_common.paragraph": {
          "$text": "bot_topia.botChip.text01"
        }
      },
      {
        "padding_4@how_to_play_common.padding": {}
      },
      {
        "header_2@how_to_play_common.header": {
          "$text": "botChip.header.title02"
        }
      },
      {
        "padding_5@how_to_play_common.padding": {}
      },
      {
        "paragraph_3@how_to_play_common.paragraph": {
          "$text": "bot_topia.botChip.text02"
        }
      },
      {
        "padding_6@how_to_play_common.padding": {}
      },
      {
        "header_3@how_to_play_common.header": {
          "$text": "botChip.header.title03"
        }
      },
      {
        "padding_7@how_to_play_common.padding": {}
      },
      {
        "paragraph_4@how_to_play_common.paragraph": {
          "$text": "bot_topia.botChip.text03"
        }
      },
      {
        "padding_8@how_to_play_common.padding": {}
      },
      {
        "header_4@how_to_play_common.header": {
          "$text": "botChip.header.title04"
        }
      },
      {
        "padding_9@how_to_play_common.padding": {}
      },
      {
        "paragraph_5@how_to_play_common.paragraph": {
          "$text": "bot_topia.botChip.text04"
        }
      },
      {
        "padding_10@how_to_play_common.padding": {}
      },
      {
        "header_5@how_to_play_common.header": {
          "$text": "botChip.header.title05"
        }
      },
      {
        "padding_11@how_to_play_common.padding": {}
      },
      {
        "paragraph_6@how_to_play_common.paragraph": {
          "$text": "bot_topia.botChip.text05"
        }
      }
    ]
  },
  "botLegs_button@how_to_play_common.section_toggle_button": {
    "$section_topic": "botLegs"
  },
  "botLegs_section@how_to_play_common.main_sections": {
    "bindings": [
      {
        "binding_type": "view",
        "source_control_name": "botLegs_button_toggle",
        "source_property_name": "#toggle_state",
        "target_property_name": "#visible"
      }
    ],
    "controls": [
      {
        "header_0@how_to_play_common.header": {
          "$text": "botLegs.header.title00"
        }
      },
      {
        "padding_0@how_to_play_common.padding": {}
      },
      {
        "paragraph_0@how_to_play_common.paragraph": {
          "$text": "bot_topia.botLegs.text00"
        }
      },
      {
        "padding_1@how_to_play_common.padding": {}
      },
      {
        "image_0@how_to_play_common.image": {
          "texture": "textures/help/8"
        }
      },
      {
        "padding_2@how_to_play_common.padding": {}
      },
      {
        "paragraph_1@how_to_play_common.paragraph": {
          "$text": "bot_topia.botLegs.text01"
        }
      }
    ]
  },
  "farmBot_button@how_to_play_common.section_toggle_button": {
    "$section_topic": "farmBot"
  },
  "farmBot_section@how_to_play_common.main_sections": {
    "bindings": [
      {
        "binding_type": "view",
        "source_control_name": "farmBot_button_toggle",
        "source_property_name": "#toggle_state",
        "target_property_name": "#visible"
      }
    ],
    "controls": [
      {
        "header_0@how_to_play_common.header": {
          "$text": "farmBot.header.title00"
        }
      },
      {
        "padding_0@how_to_play_common.padding": {}
      },
      {
        "image_0@how_to_play_common.image": {
          "texture": "textures/help/9"
        }
      },
      {
        "padding_1@how_to_play_common.padding": {}
      },
      {
        "paragraph_0@how_to_play_common.paragraph": {
          "$text": "bot_topia.farmBot.text00"
        }
      },
      {
        "padding_2@how_to_play_common.padding": {}
      },
      {
        "paragraph_1@how_to_play_common.paragraph": {
          "$text": "bot_topia.farmBot.text01"
        }
      },
      {
        "padding_3@how_to_play_common.padding": {}
      },
      {
        "paragraph_2@how_to_play_common.paragraph": {
          "$text": "bot_topia.farmBot.text02"
        }
      }
    ]
  },
  "harvestBot_button@how_to_play_common.section_toggle_button": {
    "$section_topic": "harvestBot"
  },
  "harvestBot_section@how_to_play_common.main_sections": {
    "bindings": [
      {
        "binding_type": "view",
        "source_control_name": "harvestBot_button_toggle",
        "source_property_name": "#toggle_state",
        "target_property_name": "#visible"
      }
    ],
    "controls": [
      {
        "header_0@how_to_play_common.header": {
          "$text": "harvestBot.header.title00"
        }
      },
      {
        "padding_0@how_to_play_common.padding": {}
      },
      {
        "paragraph_0@how_to_play_common.paragraph": {
          "$text": "bot_topia.harvestBot.text00"
        }
      },
      {
        "padding_1@how_to_play_common.padding": {}
      },
      {
        "image_0@how_to_play_common.image": {
          "texture": "textures/help/10"
        }
      }
    ]
  },
  "hopperBot_button@how_to_play_common.section_toggle_button": {
    "$section_topic": "hopperBot"
  },
  "hopperBot_section@how_to_play_common.main_sections": {
    "bindings": [
      {
        "binding_type": "view",
        "source_control_name": "hopperBot_button_toggle",
        "source_property_name": "#toggle_state",
        "target_property_name": "#visible"
      }
    ],
    "controls": [
      {
        "header_0@how_to_play_common.header": {
          "$text": "hopperBot.header.title00"
        }
      },
      {
        "padding_0@how_to_play_common.padding": {}
      },
      {
        "paragraph_0@how_to_play_common.paragraph": {
          "$text": "bot_topia.hopperBot.text00"
        }
      },
      {
        "padding_1@how_to_play_common.padding": {}
      },
      {
        "image_0@how_to_play_common.image": {
          "texture": "textures/help/11"
        }
      },
      {
        "padding_2@how_to_play_common.padding": {}
      },
      {
        "paragraph_1@how_to_play_common.paragraph": {
          "$text": "bot_topia.hopperBot.text01"
        }
      }
    ]
  },
  "guardBot_button@how_to_play_common.section_toggle_button": {
    "$section_topic": "guardBot"
  },
  "guardBot_section@how_to_play_common.main_sections": {
    "bindings": [
      {
        "binding_type": "view",
        "source_control_name": "guardBot_button_toggle",
        "source_property_name": "#toggle_state",
        "target_property_name": "#visible"
      }
    ],
    "controls": [
      {
        "header_0@how_to_play_common.header": {
          "$text": "guardBot.header.title00"
        }
      },
      {
        "padding_0@how_to_play_common.padding": {}
      },
      {
        "paragraph_0@how_to_play_common.paragraph": {
          "$text": "bot_topia.guardBot.text00"
        }
      },
      {
        "padding_1@how_to_play_common.padding": {}
      },
      {
        "image_0@how_to_play_common.image": {
          "texture": "textures/help/12"
        }
      },
      {
        "padding_2@how_to_play_common.padding": {}
      },
      {
        "paragraph_1@how_to_play_common.paragraph": {
          "$text": "bot_topia.guardBot.text01"
        }
      }
    ]
  },
  "minerBot_button@how_to_play_common.section_toggle_button": {
    "$section_topic": "minerBot"
  },
  "minerBot_section@how_to_play_common.main_sections": {
    "bindings": [
      {
        "binding_type": "view",
        "source_control_name": "minerBot_button_toggle",
        "source_property_name": "#toggle_state",
        "target_property_name": "#visible"
      }
    ],
    "controls": [
      {
        "header_0@how_to_play_common.header": {
          "$text": "minerBot.header.title00"
        }
      },
      {
        "padding_0@how_to_play_common.padding": {}
      },
      {
        "paragraph_0@how_to_play_common.paragraph": {
          "$text": "bot_topia.minerBot.text00"
        }
      },
      {
        "padding_1@how_to_play_common.padding": {}
      },
      {
        "paragraph_1@how_to_play_common.paragraph": {
          "$text": "bot_topia.minerBot.text01"
        }
      }
    ]
  },

  "lumberBot_button@how_to_play_common.section_toggle_button": {
    "$section_topic": "lumberBot"
  },
  "lumberBot_section@how_to_play_common.main_sections": {
    "bindings": [
      {
        "binding_type": "view",
        "source_control_name": "lumbererBot_button_toggle",
        "source_property_name": "#toggle_state",
        "target_property_name": "#visible"
      }
    ],
    "controls": [
      {
        "header_0@how_to_play_common.header": {
          "$text": "lumberBot.header.title00"
        }
      },
      {
        "padding_0@how_to_play_common.padding": {}
      },
      {
        "paragraph_0@how_to_play_common.paragraph": {
          "$text": "bot_topia.lumberBot.text00"
        }
      },
      {
        "padding_1@how_to_play_common.padding": {}
      },
      {
        "paragraph_1@how_to_play_common.paragraph": {
          "$text": "bot_topia.lumberBot.text01"
        }
      }
    ]
  },

  "redstoneFlake_button@how_to_play_common.section_toggle_button": {
    "$section_topic": "redstoneFlake"
  },
  "redstoneFlake_section@how_to_play_common.main_sections": {
    "bindings": [
      {
        "binding_type": "view",
        "source_control_name": "redstoneFlake_button_toggle",
        "source_property_name": "#toggle_state",
        "target_property_name": "#visible"
      }
    ],
    "controls": [
      {
        "header_0@how_to_play_common.header": {
          "$text": "redstoneFlake.header.title00"
        }
      },
      {
        "padding_0@how_to_play_common.padding": {}
      },
      {
        "image_0@how_to_play_common.image": {
          "texture": "textures/help/13"
        }
      },
      {
        "padding_1@how_to_play_common.padding": {}
      },
      {
        "paragraph_0@how_to_play_common.paragraph": {
          "$text": "bot_topia.redstoneFlake.text00"
        }
      }
    ]
  },
  "waterproof_button@how_to_play_common.section_toggle_button": {
    "$section_topic": "waterproof"
  },
  "waterproof_section@how_to_play_common.main_sections": {
    "bindings": [
      {
        "binding_type": "view",
        "source_control_name": "waterproof_button_toggle",
        "source_property_name": "#toggle_state",
        "target_property_name": "#visible"
      }
    ],
    "controls": [
      {
        "header_0@how_to_play_common.header": {
          "$text": "waterproof.header.title00"
        }
      },
      {
        "padding_0@how_to_play_common.padding": {}
      },
      {
        "paragraph_0@how_to_play_common.paragraph": {
          "$text": "bot_topia.waterproof.text00"
        }
      },
      {
        "padding_1@how_to_play_common.padding": {}
      },
      {
        "paragraph_1@how_to_play_common.paragraph": {
          "$text": "bot_topia.waterproof.text01"
        }
      }
    ]
  }
}
